item_id,dogruluk,tutarlilik,dil_kalitesi,belirsizlik_durustlugu,halusinasyon_var
5fffba2f1d5a5f9a,,,,,
a50008401c197b17,,,,,
e636ba503c504d1c,,,,,
abbae02790d62fb7,,,,,
69ed8b8c04076a3a,,,,,
452495a725ff9921,,,,,
32560faaa79b8593,,,,,
e01540560e6425b2,,,,,
eae55573b31f8180,,,,,
f49925f0c36d0245,,,,,
fadf5bb047f2d2d7,,,,,
e61630fde9f2eb44,,,,,
30a26496da7eec46,,,,,
97a81f3edab28d10,,,,,
ae439a1fdfafe6a8,,,,,
ea9b3a3f6f7ff788,,,,,
0d2cb75baee2d080,,,,,
e1e30cbd7616d492,,,,,
319c0720ef8c9dce,,,,,
939178255bc0ba53,,,,,
8a2b907aa88c0195,,,,,
8272aac418715852,,,,,
f46ea5fb98ae86bc,,,,,
902e2e23ede16b74,,,,,
7e0847c0e8028727,,,,,
eb0b28e094a8f5ac,,,,,
06d1ff4f51b800fa,,,,,
dc594d48b0bd1b06,,,,,
ebec34dbcf608770,,,,,
0b844cbc027e638d,,,,,
8f51bdc4472b50e9,,,,,
6835dc99a307453a,,,,,
af74f79eb2eaba48,,,,,
26120acb2c2c710f,,,,,
a8a4453910547047,,,,,
74496427152f0de6,,,,,
e270a7bb7291574e,,,,,
3ffefbcb60edc077,,,,,
450444a380606f5f,,,,,
ae111cc7277dc06b,,,,,
d5ebdc7b267e3b99,,,,,
d5a2568a0d85f62c,,,,,
85203346d652dd2a,,,,,
dda02594a0f2b613,,,,,
6f51eb76717f3339,,,,,
224e0fa9d198699f,,,,,
40ab272d75dc7a58,,,,,
7ae7eba9418995af,,,,,
87b95878fb839f92,,,,,
0b758d21398d499c,,,,,
0cae4d94bd8b1114,,,,,
45c27acba439d19e,,,,,
6499fa94ac46a7d2,,,,,
23aeeb12a30623b3,,,,,
63db6b2b2e0f107a,,,,,
c19e0682486f568e,,,,,
a040ce7d21fe83bd,,,,,
463f8ab5927d9496,,,,,
6229af6d48946d8b,,,,,
bad90981082570de,,,,,
e4a7b54dffcbffb2,,,,,
ff7aeb167fc94bd6,,,,,
52ab7e57b85be3e7,,,,,
18e409490a3956b4,,,,,
204e6cbd8cf7275a,,,,,
5e7b143a4ca869fd,,,,,
c5f1f719015a745f,,,,,
1234854a2a1e1c8f,,,,,
bc90280ca4a24a64,,,,,
a8ea6a9d7143cd36,,,,,
fe4560de9a58442e,,,,,
28d0e37c95112cfd,,,,,
ea47a52516938a30,,,,,
c7efa00c2b70ce4a,,,,,
e5824360d110c99a,,,,,
8f4f3bc364689847,,,,,
3e76df1cd6c9edac,,,,,
04b6f5742bf7ac9f,,,,,
54cfa14d9802a288,,,,,
72cbfa385c1de9ee,,,,,
dcc6e4b549338b5b,,,,,
aa9d67dd12710d62,,,,,
c7a78a622544ea4d,,,,,
39977b6e1a809a97,,,,,
c9a7daaa440a4062,,,,,
228e5cafffe0e853,,,,,
a939fc28daf320d7,,,,,
b946bab2f035e02a,,,,,
29232500b77ee7a5,,,,,
71106583761d1b69,,,,,
0d1d68721439dd45,,,,,
f4f2b88e24a2ec99,,,,,
d495a08aa51b7556,,,,,
2ae45499ec38c43e,,,,,
dfde6d80f763cf72,,,,,
b7c5705b23bf9a9a,,,,,
a7547604c9847057,,,,,
37e56715d80fe0a0,,,,,
98c20c6539eef808,,,,,
f659fbfffff71bc7,,,,,
41d10b51dc39a931,,,,,
34c1297f33555214,,,,,
d6b16cc2e4bccdcd,,,,,
3b932af98122b6f0,,,,,
5f6750e32dcaf30e,,,,,
6e82cf41eea07b9e,,,,,
0f69d9bf839cf805,,,,,
6cb9c425e4bb43af,,,,,
1012984b21427d60,,,,,
10a75a8996a992de,,,,,
3d21c01a37c7bb5c,,,,,
529332b0670a1a5a,,,,,
c3e71f78708e7c8e,,,,,
6446a8861c6847e1,,,,,
01926721bb47d605,,,,,
596faa21bb5c5966,,,,,
d04486c66543d565,,,,,
2143df8cb28d3dba,,,,,
3eabd7b5ac6cbc86,,,,,
fea08be990b9a148,,,,,
c066354be22f2484,,,,,
1b915d94af2eaf51,,,,,
7e3e968cf3e47877,,,,,
62dd0515e6c2a74f,,,,,
be9874f0eae548b6,,,,,
170f9a282a6e2e2d,,,,,
066daf0ce68470de,,,,,
18b5c6ac23462434,,,,,
c723b6b67e1c3259,,,,,
299114ec85debc40,,,,,
f7ada94cfd3e1196,,,,,
a7866d458774f5f6,,,,,
cd0aa863ca804fcb,,,,,
78edd3fd0ddbe660,,,,,
578bc3c437fd83b7,,,,,
ee4e469b21112956,,,,,
19e91ff48b6c5ca6,,,,,
23d648cf2c04d782,,,,,
d4743eb7834fea2d,,,,,
d3e6dea9625a4ac8,,,,,
ad35bdc0921195ef,,,,,
afdfc9164f28380f,,,,,
48a412460b8f890f,,,,,
80e51c370b6a7723,,,,,
cde14d14c18bf3f2,,,,,
3c5b2a41b8f0f693,,,,,
584eef98d6715923,,,,,
432ebef1e2eb29f8,,,,,
2f15d7ec033ed3fb,,,,,
5bb8d33e7ada2caf,,,,,
fe44fb4f433425ed,,,,,
16771936c45c3528,,,,,
6bea51a15d93682a,,,,,
4ea9abcf96856b06,,,,,
118fc592ba7ae14b,,,,,
dabdfa75a3fdea16,,,,,
39d1addfdc952c4a,,,,,
3948bb0848a4fd92,,,,,
1e1dd076cafee11d,,,,,
1e4c33cb25044cb3,,,,,
4b2b610a6686d40c,,,,,
f6f2e2f1b34c3d98,,,,,
48d2dd310c4f73db,,,,,
49733af1d7b65165,,,,,
a591696a82e96e76,,,,,
b6a4eee27d8dbb65,,,,,
686de5a8544cd331,,,,,
e4712b2257c269f1,,,,,
0e9b7b2d772eefb7,,,,,
1e1d11760ca4f67f,,,,,
b8a17c455b5452b4,,,,,
fd7c8afa8bfb7902,,,,,
49731104c9b7c979,,,,,
0316d9d16289c4f7,,,,,
f6cf6e25173cde23,,,,,
ec0b645b0b9bd605,,,,,
082ad8a43d252259,,,,,
4c0a1d9aac66df58,,,,,
8244f2c41239a77d,,,,,
139dab8c197bc2ee,,,,,
2b44954a93fb405c,,,,,
29d2bac3c7418034,,,,,
e4eea90f0dfbcc4a,,,,,
65072df54739ff67,,,,,
f37dbeac0b585ba7,,,,,
fb306ca175fa795c,,,,,
9aff1851e24fe815,,,,,
9ad3b74042f2234d,,,,,
b62d714b1f5354e4,,,,,
e07683907e59f976,,,,,
c624979a8d8fda40,,,,,
cd68a8a23fbf2176,,,,,
d33963afb64470a6,,,,,
c334a72054bc4a4e,,,,,
048ba747198b44f8,,,,,
e9efc5bb082f051f,,,,,
4927523800f73815,,,,,
10b5d95cc752fe2c,,,,,
af0896306834dbcd,,,,,
cbec67e95d1da9d7,,,,,
